{
    "easycom": {
    	"^z-(.*)": "@zebra-ui/swiper/components/z-$1/z-$1.vue"
    },
	"pages": [{
		"path": "pages/login/login",
		"style": {
			"navigationBarBackgroundColor": "#CCAA8F",
			"navigationBarTextStyle": "white",
			"navigationBarTitleText": "登录"
		}
	}, {
		"path": "pages/register/register",
		"style": {
			"navigationBarBackgroundColor": "#CCAA8F",
			"navigationBarTextStyle": "white",
			"navigationBarTitleText": "注册"
		}
	}, {
		"path": "pages/forget/forget",
		"style": {
			"navigationBarBackgroundColor": "#CCAA8F",
			"navigationBarTextStyle": "white",
			"navigationBarTitleText": "忘记密码"
		}
	}, {
		"path": "pages/center/center",
		"style": {
			"navigationBarBackgroundColor": "#CCAA8F",
			"navigationBarTextStyle": "white",
			"navigationBarTitleText": "我的"
		}
	}, {
		"path": "pages/user-info/user-info",
		"style": {
			"navigationBarBackgroundColor": "#CCAA8F",
			"navigationBarTextStyle": "white",
			"navigationBarTitleText": "用户信息"
		}
	}
	, {
		"path": "pages/news-detail/news-detail",
		"style": {
			"navigationBarBackgroundColor": "#CCAA8F",
			"navigationBarTextStyle": "white",
			"navigationBarTitleText": "资讯详情"
		}
	}
	,{
		"path": "pages/yonghu/list",
		"style": {
			"navigationBarBackgroundColor": "#CCAA8F",
			"navigationBarTextStyle": "white"
		}
	},{
		"path": "pages/yonghu/add-or-update",
		"style": {
			"navigationBarBackgroundColor": "#CCAA8F",
			"navigationBarTextStyle": "white"
		}
	},{
		"path": "pages/yonghu/detail",
		"style": {
			"navigationBarBackgroundColor": "#CCAA8F",
			"navigationBarTextStyle": "white"
		}
	}
	,{
		"path": "pages/fangzhu/list",
		"style": {
			"navigationBarBackgroundColor": "#CCAA8F",
			"navigationBarTextStyle": "white"
		}
	},{
		"path": "pages/fangzhu/add-or-update",
		"style": {
			"navigationBarBackgroundColor": "#CCAA8F",
			"navigationBarTextStyle": "white"
		}
	},{
		"path": "pages/fangzhu/detail",
		"style": {
			"navigationBarBackgroundColor": "#CCAA8F",
			"navigationBarTextStyle": "white"
		}
	}
	,{
		"path": "pages/fangjianleixing/list",
		"style": {
			"navigationBarBackgroundColor": "#CCAA8F",
			"navigationBarTextStyle": "white"
		}
	},{
		"path": "pages/fangjianleixing/add-or-update",
		"style": {
			"navigationBarBackgroundColor": "#CCAA8F",
			"navigationBarTextStyle": "white"
		}
	},{
		"path": "pages/fangjianleixing/detail",
		"style": {
			"navigationBarBackgroundColor": "#CCAA8F",
			"navigationBarTextStyle": "white"
		}
	}
	,{
		"path": "pages/minsuxinxi/list",
		"style": {
			"navigationBarBackgroundColor": "#CCAA8F",
			"navigationBarTextStyle": "white"
		}
	},{
		"path": "pages/minsuxinxi/add-or-update",
		"style": {
			"navigationBarBackgroundColor": "#CCAA8F",
			"navigationBarTextStyle": "white"
		}
	},{
		"path": "pages/minsuxinxi/detail",
		"style": {
			"navigationBarBackgroundColor": "#CCAA8F",
			"navigationBarTextStyle": "white"
		}
	}
	,{
		"path": "pages/minsuyuding/list",
		"style": {
			"navigationBarBackgroundColor": "#CCAA8F",
			"navigationBarTextStyle": "white"
		}
	},{
		"path": "pages/minsuyuding/add-or-update",
		"style": {
			"navigationBarBackgroundColor": "#CCAA8F",
			"navigationBarTextStyle": "white"
		}
	},{
		"path": "pages/minsuyuding/detail",
		"style": {
			"navigationBarBackgroundColor": "#CCAA8F",
			"navigationBarTextStyle": "white"
		}
	}
	,{
		"path": "pages/storeup/list",
		"style": {
			"navigationBarBackgroundColor": "#CCAA8F",
			"navigationBarTextStyle": "white"
		}
	},{
		"path": "pages/storeup/add-or-update",
		"style": {
			"navigationBarBackgroundColor": "#CCAA8F",
			"navigationBarTextStyle": "white"
		}
	},{
		"path": "pages/storeup/detail",
		"style": {
			"navigationBarBackgroundColor": "#CCAA8F",
			"navigationBarTextStyle": "white"
		}
	}
	,{
		"path": "pages/news/list",
		"style": {
			"navigationBarBackgroundColor": "#CCAA8F",
			"navigationBarTextStyle": "white"
		}
	},{
		"path": "pages/news/add-or-update",
		"style": {
			"navigationBarBackgroundColor": "#CCAA8F",
			"navigationBarTextStyle": "white"
		}
	},{
		"path": "pages/news/detail",
		"style": {
			"navigationBarBackgroundColor": "#CCAA8F",
			"navigationBarTextStyle": "white"
		}
	}
	,{
		"path": "pages/discussminsuxinxi/list",
		"style": {
			"navigationBarBackgroundColor": "#CCAA8F",
			"navigationBarTextStyle": "white"
		}
	},{
		"path": "pages/discussminsuxinxi/add-or-update",
		"style": {
			"navigationBarBackgroundColor": "#CCAA8F",
			"navigationBarTextStyle": "white"
		}
	},{
		"path": "pages/discussminsuxinxi/detail",
		"style": {
			"navigationBarBackgroundColor": "#CCAA8F",
			"navigationBarTextStyle": "white"
		}
	}
	, {
		"path": "pages/pay-confirm/pay-confirm",
		"style": {
			"navigationBarTitleText": "确认支付"
		}
	}
	, {
		"path": "pages/index/index",
		"style": {
			"navigationBarBackgroundColor": "#CCAA8F",
			"navigationBarTextStyle": "white",
			"navigationBarTitleText": "首页"
		}
	}
	],
	"globalStyle": {
		"navigationBarTextStyle": "black",
		"navigationBarTitleText": "基于微信小程序的民宿短租系统",
		"navigationBarBackgroundColor": "#F8F8F8",
		"backgroundColor": "#F8F8F8"
	},
	"tabBar": {
		"color": "#BBBBBB",
		"selectedColor": "#CCAA8F",
		"borderStyle": "white",
		"backgroundColor": "#FFFFFF",
		"list": [{
				"pagePath": "pages/index/index",
				"iconPath": "static/tabs/index.png",
				"selectedIconPath": "static/tabs/index1.png",
				"text": "首页"
			}
			

			,{
				"pagePath": "pages/minsuxinxi/list",
				"iconPath": "/static/tabs/icon1.png",
				"selectedIconPath": "/static/tabs/icon1_act.png",
				"text": "民宿信息"
			}






			,{
				"pagePath": "pages/center/center",
				"iconPath": "static/tabs/mine.png",
				"selectedIconPath": "static/tabs/mine1.png",
				"text": "我的"
			}
		]
	}
}
