<?xml version="1.0" encoding="UTF-8"?>
<!DOCTYPE mapper PUBLIC "-//mybatis.org//DTD Mapper 3.0//EN" "http://mybatis.org/dtd/mybatis-3-mapper.dtd">

<mapper namespace="com.dao.FangzhuDao">

	<!-- 可根据自己的需求，是否要使用 -->
    <resultMap type="com.entity.FangzhuEntity" id="fangzhuMap">
        <result property="fangzhuzhanghao" column="fangzhuzhanghao"/>
        <result property="mima" column="mima"/>
        <result property="fangzhuxingming" column="fangzhuxingming"/>
        <result property="touxiang" column="touxiang"/>
        <result property="xingbie" column="xingbie"/>
        <result property="lianxidianhua" column="lianxidianhua"/>
        <result property="shenfenzhenghao" column="shenfenzhenghao"/>
    </resultMap>

	<select id="selectListVO"
		resultType="com.entity.vo.FangzhuVO" >
		SELECT * FROM fangzhu  fangzhu         
        <where> 1=1 ${ew.sqlSegment}</where>
	</select>
	
	<select id="selectVO"
		resultType="com.entity.vo.FangzhuVO" >
		SELECT  fangzhu.* FROM fangzhu  fangzhu
 		<where> 1=1 ${ew.sqlSegment}</where>
	</select>

    <select id="selectListView"
		resultType="com.entity.view.FangzhuView" >

		SELECT  fangzhu.* FROM fangzhu  fangzhu 	        
        <where> 1=1 ${ew.sqlSegment}</where>
	</select>
	
	<select id="selectView"
		resultType="com.entity.view.FangzhuView" >
		SELECT * FROM fangzhu  fangzhu <where> 1=1 ${ew.sqlSegment}</where>
	</select>
	

	
</mapper>
