<?xml version="1.0" encoding="UTF-8"?>
<!DOCTYPE mapper PUBLIC "-//mybatis.org//DTD Mapper 3.0//EN" "http://mybatis.org/dtd/mybatis-3-mapper.dtd">

<mapper namespace="com.dao.MinsuyudingDao">

	<!-- 可根据自己的需求，是否要使用 -->
    <resultMap type="com.entity.MinsuyudingEntity" id="minsuyudingMap">
        <result property="yuyuebianhao" column="yuyuebianhao"/>
        <result property="minsumingcheng" column="minsumingcheng"/>
        <result property="minsutupian" column="minsutupian"/>
        <result property="fangjianleixing" column="fangjianleixing"/>
        <result property="minsudizhi" column="minsudizhi"/>
        <result property="fangzhuzhanghao" column="fangzhuzhanghao"/>
        <result property="yiwanjiage" column="yiwanjiage"/>
        <result property="ruzhuriqi" column="ruzhuriqi"/>
        <result property="ruzhutianshu" column="ruzhutianshu"/>
        <result property="zongjine" column="zongjine"/>
        <result property="yuyueshijian" column="yuyueshijian"/>
        <result property="beizhu" column="beizhu"/>
        <result property="yonghuzhanghao" column="yonghuzhanghao"/>
        <result property="yonghuxingming" column="yonghuxingming"/>
        <result property="shoujihaoma" column="shoujihaoma"/>
        <result property="sfsh" column="sfsh"/>
        <result property="shhf" column="shhf"/>
        <result property="ispay" column="ispay"/>
        <result property="userid" column="userid"/>
    </resultMap>

	<select id="selectListVO"
		resultType="com.entity.vo.MinsuyudingVO" >
		SELECT * FROM minsuyuding  minsuyuding         
        <where> 1=1 ${ew.sqlSegment}</where>
	</select>
	
	<select id="selectVO"
		resultType="com.entity.vo.MinsuyudingVO" >
		SELECT  minsuyuding.* FROM minsuyuding  minsuyuding
 		<where> 1=1 ${ew.sqlSegment}</where>
	</select>

    <select id="selectListView"
		resultType="com.entity.view.MinsuyudingView" >

		SELECT  minsuyuding.* FROM minsuyuding  minsuyuding 	        
        <where> 1=1 ${ew.sqlSegment}</where>
	</select>
	
	<select id="selectView"
		resultType="com.entity.view.MinsuyudingView" >
		SELECT * FROM minsuyuding  minsuyuding <where> 1=1 ${ew.sqlSegment}</where>
	</select>
	

	
</mapper>
